{
	"info": {
		"_postman_id": "7d73a84e-886e-4036-8f9c-2ffa2e7d5c87",
		"name": "Vending Machine",
		"schema": "https://schema.getpostman.com/json/collection/v2.1.0/collection.json",
		"_exporter_id": "11823366"
	},
	"item": [
		{
			"name": "localhost:3000/services/buy",
			"request": {
				"method": "POST",
				"header": [
					{
						"warning": "This is a duplicate header and will be overridden by the Content-Type header generated by Postman.",
						"key": "Content-Type",
						"value": "application/json",
						"type": "text"
					}
				],
				"body": {
					"mode": "raw",
					"raw": "{\r\n\"itemName\":\"Sprite \",\r\n\"units\":1,\r\n\"amountCollected\": 5\r\n}"
				},
				"url": {
					"raw": "localhost:3000/services/buy",
					"host": [
						"localhost"
					],
					"port": "3000",
					"path": [
						"services",
						"buy"
					]
				},
				"description": "Buy An Item from the Already available Items"
			},
			"response": []
		},
		{
			"name": "localhost:3000/maintenance/coins",
			"request": {
				"method": "PUT",
				"header": [
					{
						"warning": "This is a duplicate header and will be overridden by the Content-Type header generated by Postman.",
						"key": "Content-Type",
						"value": "application/json",
						"type": "text"
					}
				],
				"body": {
					"mode": "raw",
					"raw": "{\r\n\"denomination\":\"1P\",\r\n\"quantity\":850\r\n}"
				},
				"url": {
					"raw": "localhost:3000/maintenance/coins",
					"host": [
						"localhost"
					],
					"port": "3000",
					"path": [
						"maintenance",
						"coins"
					]
				},
				"description": "Add the Number of (quantity) of Coins. Please Note \"Coins\" is a generic terms meant to mean a currency denomination. Include notes here too."
			},
			"response": []
		},
		{
			"name": "localhost:3000/maintenance/coins",
			"protocolProfileBehavior": {
				"disableBodyPruning": true
			},
			"request": {
				"method": "GET",
				"header": [
					{
						"warning": "This is a duplicate header and will be overridden by the Content-Type header generated by Postman.",
						"key": "Content-Type",
						"value": "application/json",
						"type": "text"
					}
				],
				"body": {
					"mode": "raw",
					"raw": "{\r\n\"denomination\":\"1P\",\r\n\"quantity\":850\r\n}"
				},
				"url": {
					"raw": "localhost:3000/maintenance/coins",
					"host": [
						"localhost"
					],
					"port": "3000",
					"path": [
						"maintenance",
						"coins"
					]
				},
				"description": "Get the Number of Coins available for each denomination"
			},
			"response": []
		},
		{
			"name": "localhost:3000/maintenance/slot/items",
			"request": {
				"method": "PUT",
				"header": [
					{
						"warning": "This is a duplicate header and will be overridden by the Content-Type header generated by Postman.",
						"key": "Content-Type",
						"value": "application/json",
						"type": "text"
					}
				],
				"body": {
					"mode": "raw",
					"raw": "{\r\n\"itemName\":\"Sprite \",\r\n\"quantity\":190,\r\n\"price\":450\r\n}"
				},
				"url": {
					"raw": "localhost:3000/maintenance/slot/items",
					"host": [
						"localhost"
					],
					"port": "3000",
					"path": [
						"maintenance",
						"slot",
						"items"
					]
				},
				"description": "Add an item along with its price and quantity"
			},
			"response": []
		},
		{
			"name": "localhost:3000/maintenance/slot/items",
			"protocolProfileBehavior": {
				"disableBodyPruning": true
			},
			"request": {
				"method": "GET",
				"header": [
					{
						"warning": "This is a duplicate header and will be overridden by the Content-Type header generated by Postman.",
						"key": "Content-Type",
						"value": "application/json",
						"type": "text"
					}
				],
				"body": {
					"mode": "raw",
					"raw": "{\r\n\"itemName\":\"Sprite \",\r\n\"quantity\":190,\r\n\"price\":450\r\n}"
				},
				"url": {
					"raw": "localhost:3000/maintenance/slot/items",
					"host": [
						"localhost"
					],
					"port": "3000",
					"path": [
						"maintenance",
						"slot",
						"items"
					]
				},
				"description": "Get a list of all available items"
			},
			"response": []
		}
	]
}